location,trap_set_date,week_ending_saturday,epi_week,year,site_type,virus
Leeton,09/01/1995,14/01/1995,3,6/17/1905,Coastal,Barmah Forest
Batemans Bay,17/01/1995,21/01/1995,3,1995,Coastal,Barmah Forest
Batemans Bay,23/01/1995,28/01/1995,3,1995,Coastal,Barmah Forest
Port Stephens,24/01/2006,28/01/2006,3,2006,Coastal,Barmah Forest
Port Stephens,15/01/2008,19/01/2008,3,2008,Coastal,Barmah Forest
Port Stephens,22/01/2008,26/01/2008,3,2008,Coastal,Barmah Forest
Port Stephens,12/01/2011,15/01/2011,3,2011,Coastal,Barmah Forest
Port Stephens,18/01/2011,22/01/2011,3,2011,Coastal,Barmah Forest
Leeton,24/01/2008,26/01/2008,3,2008,Inland,Barmah Forest
Leeton,01/05/2011,08/01/2011,3,2011,Inland,Barmah Forest
Griffith,16/01/2017,21/01/2017,3,2017,Inland,Barmah Forest
Young,45170,14/01/2023,3,2023,Inland,Barmah Forest
Georges River - East,29/01/2014,01/02/2014,3,2014,Sydney,Barmah Forest
Bankstown,27/01/2015,31/01/2015,3,2015,Sydney,Barmah Forest
Batemans Bay,31/01/1995,04/02/1995,4,1995,Coastal,Barmah Forest
Port Stephens,31/01/2006,04/02/2006,4,2006,Coastal,Barmah Forest
Port Stephens,39661,12/01/2008,4,2008,Coastal,Barmah Forest
Port Stephens,31/01/2008,02/02/2008,4,2008,Coastal,Barmah Forest
Central Coast,20/01/2011,22/01/2011,4,2011,Coastal,Barmah Forest
Port Stephens,25/01/2011,29/01/2011,4,2011,Coastal,Barmah Forest
Central Coast,20/01/2015,24/01/2015,4,2015,Coastal,Barmah Forest
Lake Macquarie,20/01/2015,24/01/2015,4,2015,Coastal,Barmah Forest
Batemans Bay,14/01/2025,18/01/2025,4,2025,Coastal,Barmah Forest
Griffith,19/01/2015,24/01/2015,4,2015,Inland,Barmah Forest
Tathra,21/02/1995,25/02/1995,7,1995,Coastal,Barmah Forest
Lake Macquarie,16/02/2006,18/02/2006,7,2006,Coastal,Barmah Forest
Port Stephens,21/02/2006,25/02/2006,7,2006,Coastal,Barmah Forest
Lake Macquarie,42279,14/02/2015,7,2015,Coastal,Barmah Forest
Central Coast,27/02/2018,03/03/2018,7,2018,Coastal,Barmah Forest
Newcastle,27/02/2024,02/03/2024,7,2024,Coastal,Barmah Forest
Menindee,15/02/1993,20/02/1993,7,1993,Inland,Barmah Forest
Penrith,27/02/2024,02/03/2024,7,2024,Sydney,Barmah Forest
Batemans Bay,34852,11/02/1995,8,1995,Coastal,Barmah Forest
Batemans Bay,14/02/1995,18/02/1995,8,1995,Coastal,Barmah Forest
Batemans Bay,20/02/1995,25/02/1995,8,1995,Coastal,Barmah Forest
Central Coast,24/02/2006,25/02/2006,8,2006,Coastal,Barmah Forest
Lake Macquarie,20/02/2006,25/02/2006,8,2006,Coastal,Barmah Forest
Port Macquarie,28/02/2006,04/03/2006,8,2006,Coastal,Barmah Forest
Port Stephens,38900,11/02/2006,8,2006,Coastal,Barmah Forest
Port Stephens,14/02/2006,18/02/2006,8,2006,Coastal,Barmah Forest
Port Stephens,28/02/2006,04/03/2006,8,2006,Coastal,Barmah Forest
Port Macquarie,39784,16/02/2008,8,2008,Coastal,Barmah Forest
Port Stephens,39570,09/02/2008,8,2008,Coastal,Barmah Forest
Lake Macquarie,17/02/2015,21/02/2015,8,2015,Coastal,Barmah Forest
Newcastle,17/02/2025,22/02/2025,8,2025,Coastal,Barmah Forest
Griffith,42310,14/02/2015,8,2015,Inland,Barmah Forest
Leeton,42310,14/02/2015,8,2015,Inland,Barmah Forest
Griffith,42371,06/02/2016,8,2016,Inland,Barmah Forest
Bankstown,18/02/2014,22/02/2014,8,2014,Sydney,Barmah Forest
Georges River - East,18/02/2014,22/02/2014,8,2014,Sydney,Barmah Forest
Georges River - East,25/02/2014,01/03/2014,8,2014,Sydney,Barmah Forest
Georges River - East,17/02/2015,21/02/2015,8,2015,Sydney,Barmah Forest
Northern Beaches,24/02/2021,27/02/2021,8,2021,Sydney,Barmah Forest
Sydney Olympic Park,29/02/2024,02/03/2024,8,2024,Sydney,Barmah Forest
Port Macquarie,44077,14/03/2020,11,2020,Coastal,Barmah Forest
Georges River - All,21/03/2018,24/03/2018,11,2018,Sydney,Barmah Forest
Forster,34883,11/03/1995,12,1995,Coastal,Barmah Forest
Tathra,34702,04/03/1995,12,1995,Coastal,Barmah Forest
Lake Macquarie,14/03/2006,18/03/2006,12,2006,Coastal,Barmah Forest
Port Stephens,38932,11/03/2006,12,2006,Coastal,Barmah Forest
Port Macquarie,17/03/2014,22/03/2014,12,2014,Coastal,Barmah Forest
Central Coast,14/03/2018,17/03/2018,12,2018,Coastal,Barmah Forest
Port Macquarie,16/03/2020,21/03/2020,12,2020,Coastal,Barmah Forest
Port Macquarie,23/03/2020,28/03/2020,12,2020,Coastal,Barmah Forest
Central Coast,23/03/2023,25/03/2023,12,2023,Coastal,Barmah Forest
Newcastle,45415,09/03/2024,12,2024,Coastal,Barmah Forest
Batemans Bay,25/03/2025,29/03/2025,12,2025,Coastal,Barmah Forest
Griffith,41946,15/03/2014,12,2014,Inland,Barmah Forest
Griffith,25/03/2025,29/03/2025,12,2025,Inland,Barmah Forest
Parramatta,31/03/1995,01/04/1995,12,1995,Sydney,Barmah Forest
Georges River - East,19/03/2008,22/03/2008,12,2008,Sydney,Barmah Forest
Georges River - East,41762,08/03/2014,12,2014,Sydney,Barmah Forest
Georges River - East,41946,15/03/2014,12,2014,Sydney,Barmah Forest
Georges River - East,18/03/2014,22/03/2014,12,2014,Sydney,Barmah Forest
Liverpool,18/03/2020,21/03/2020,12,2020,Sydney,Barmah Forest
Liverpool,22/03/2022,26/03/2022,12,2022,Sydney,Barmah Forest
Georges River,25/03/2025,29/03/2025,12,2025,Sydney,Barmah Forest
Northern Beaches,18/03/2025,22/03/2025,12,2025,Sydney,Barmah Forest
Parramatta,18/03/2025,22/03/2025,12,2025,Sydney,Barmah Forest
Penrith,25/03/2025,29/03/2025,12,2025,Sydney,Barmah Forest
Central Coast,41643,05/04/2014,16,2014,Coastal,Barmah Forest
Port Stephens,23/04/2014,26/04/2014,16,2014,Coastal,Barmah Forest
Port Macquarie,43500,06/04/2019,16,2019,Coastal,Barmah Forest
Tweed,43500,06/04/2019,16,2019,Coastal,Barmah Forest
Ballina,15/04/2020,18/04/2020,16,2020,Coastal,Barmah Forest
Central Coast,43834,04/04/2020,16,2020,Coastal,Barmah Forest
Tweed,43986,11/04/2020,16,2020,Coastal,Barmah Forest
Moree,27/04/2025,03/05/2025,16,2025,Inland,Barmah Forest
Moree,27/04/2025,03/05/2025,16,2025,Inland,Barmah Forest
Liverpool,27/04/2020,02/05/2020,16,2020,Sydney,Barmah Forest
Northern Beaches,43986,11/04/2020,16,2020,Sydney,Barmah Forest
Northern Beaches,27/04/2020,02/05/2020,16,2020,Sydney,Barmah Forest
Port Stephens,41855,12/04/2014,17,2014,Coastal,Barmah Forest
Port Macquarie,45508,13/04/2024,17,2024,Coastal,Barmah Forest
Northern Beaches,20/04/2020,25/04/2020,17,2020,Sydney,Barmah Forest
Lake Macquarie,16/05/2007,19/05/2007,20,2007,Coastal,Barmah Forest
Central Coast,44962,06/05/2023,21,2023,Coastal,Barmah Forest
Northern Beaches,44597,07/05/2022,21,2022,Sydney,Barmah Forest
Forbes,15/11/2016,19/11/2016,46,2016,Inland,Barmah Forest
Griffith,16/11/2010,20/11/2010,47,2010,Inland,Barmah Forest
Griffith,14/11/2016,19/11/2016,47,2016,Inland,Barmah Forest
Griffith,22/11/2022,26/11/2022,47,2022,Inland,Barmah Forest
Macquarie Marshes,14/11/2022,19/11/2022,47,2022,Inland,Barmah Forest
Port Stephens,18/12/2007,22/12/2007,51,2007,Coastal,Barmah Forest
Griffith,13/12/2010,18/12/2010,51,2010,Inland,Barmah Forest
Leeton,40371,11/12/2010,51,2010,Inland,Barmah Forest
Leeton,14/12/2010,18/12/2010,51,2010,Inland,Barmah Forest
Leeton,23/12/2010,25/12/2010,51,2010,Inland,Barmah Forest
Deniliquin,44724,10/12/2022,51,2022,Inland,Barmah Forest
Griffith,44724,10/12/2022,51,2022,Inland,Barmah Forest
Grong Grong,44907,17/12/2022,51,2022,Inland,Barmah Forest
Leeton,44693,10/12/2022,51,2022,Inland,Barmah Forest
Batemans Bay,17/01/1995,21/01/1995,3,1995,Coastal,Edge Hill
Batemans Bay,23/01/1995,28/01/1995,3,1995,Coastal,Edge Hill
Port Stephens,18/01/2010,23/01/2010,3,2010,Coastal,Edge Hill
Central Coast,16/01/2024,20/01/2024,3,2024,Coastal,Edge Hill
Newcastle,23/01/2024,27/01/2024,3,2024,Coastal,Edge Hill
Tweed,29/01/2024,03/02/2024,3,2024,Coastal,Edge Hill
Warren,18/01/1993,23/01/1993,3,1993,Inland,Edge Hill
Albury,40848,15/01/2011,3,2011,Inland,Edge Hill
Griffith,29/01/2019,02/02/2019,3,2019,Inland,Edge Hill
Corowa,45170,14/01/2023,3,2023,Inland,Edge Hill
Blacktown,22/01/2019,26/01/2019,3,2019,Sydney,Edge Hill
Georges River - East,43739,12/01/2019,3,2019,Sydney,Edge Hill
Georges River - East,24/01/2019,26/01/2019,3,2019,Sydney,Edge Hill
Georges River - West,43709,12/01/2019,3,2019,Sydney,Edge Hill
Georges River - West,16/01/2019,19/01/2019,3,2019,Sydney,Edge Hill
Georges River - West,23/01/2019,26/01/2019,3,2019,Sydney,Edge Hill
The Hills,23/01/2019,26/01/2019,3,2019,Sydney,Edge Hill
Northern Beaches,29/01/2024,03/02/2024,3,2024,Sydney,Edge Hill
Sydney Olympic Park,29/01/2024,03/02/2024,3,2024,Sydney,Edge Hill
Batemans Bay,31/01/1995,04/02/1995,4,1995,Coastal,Edge Hill
Central Coast,45352,06/01/2024,4,2024,Coastal,Edge Hill
Bankstown,30/01/2024,03/02/2024,4,2024,Sydney,Edge Hill
Georges River - East,30/01/2024,03/02/2024,4,2024,Sydney,Edge Hill
Warren,34214,13/02/1993,7,1993,Inland,Edge Hill
Blacktown,26/02/2013,02/03/2013,7,2013,Sydney,Edge Hill
Homebush,42249,14/02/2015,7,2015,Sydney,Edge Hill
Batemans Bay,34852,11/02/1995,8,1995,Coastal,Edge Hill
Batemans Bay,14/02/1995,18/02/1995,8,1995,Coastal,Edge Hill
Batemans Bay,20/02/1995,25/02/1995,8,1995,Coastal,Edge Hill
Port Stephens,19/02/1996,24/02/1996,8,1996,Coastal,Edge Hill
Port Stephens,38900,11/02/2006,8,2006,Coastal,Edge Hill
Port Stephens,40211,06/02/2010,8,2010,Coastal,Edge Hill
Port Stephens,18/02/2010,20/02/2010,8,2010,Coastal,Edge Hill
Port Stephens,28/02/2012,03/03/2012,8,2012,Coastal,Edge Hill
Port Macquarie,42584,13/02/2016,8,2016,Coastal,Edge Hill
Port Macquarie,24/02/2020,29/02/2020,8,2020,Coastal,Edge Hill
Batemans Bay,45445,10/02/2024,8,2024,Coastal,Edge Hill
Central Coast,45475,10/02/2024,8,2024,Coastal,Edge Hill
Newcastle,45445,10/02/2024,8,2024,Coastal,Edge Hill
Newcastle,45628,17/02/2024,8,2024,Coastal,Edge Hill
Port Macquarie,45628,17/02/2024,8,2024,Coastal,Edge Hill
Griffith,36162,06/02/1999,8,1999,Inland,Edge Hill
Leeton,39601,09/02/2008,8,2008,Inland,Edge Hill
Murray-Mathoura,40576,05/02/2011,8,2011,Inland,Edge Hill
Moree,19/02/2023,25/02/2023,8,2023,Inland,Edge Hill
Hawkesbury,14/02/2008,16/02/2008,8,2008,Sydney,Edge Hill
Georges River - West,24/02/2015,28/02/2015,8,2015,Sydney,Edge Hill
Georges River - West,43801,16/02/2019,8,2019,Sydney,Edge Hill
Canada Bay,29/02/2024,02/03/2024,8,2024,Sydney,Edge Hill
Georges River - West,45475,10/02/2024,8,2024,Sydney,Edge Hill
Northern Beaches,20/02/2024,24/02/2024,8,2024,Sydney,Edge Hill
Parramatta,45445,10/02/2024,8,2024,Sydney,Edge Hill
Sydney Olympic Park,45414,10/02/2024,8,2024,Sydney,Edge Hill
Port Stephens,16/03/1998,21/03/1998,11,1998,Coastal,Edge Hill
Boggabilla,35372,16/03/1996,11,1996,Inland,Edge Hill
Grong Grong,45385,09/03/2024,11,2024,Inland,Edge Hill
Georges River - West,26/03/2017,01/04/2017,11,2017,Sydney,Edge Hill
Hawkesbury,44077,14/03/2020,11,2020,Sydney,Edge Hill
Northern Beaches,44472,13/03/2021,11,2021,Sydney,Edge Hill
Georges River - West,45385,09/03/2024,11,2024,Sydney,Edge Hill
Sydney Olympic Park,45568,16/03/2024,11,2024,Sydney,Edge Hill
Tathra,34883,11/03/1995,12,1995,Coastal,Edge Hill
Batemans Bay,17/03/1998,21/03/1998,12,1998,Coastal,Edge Hill
Batemans Bay,24/03/1998,28/03/1998,12,1998,Coastal,Edge Hill
Lake Macquarie,14/03/2006,18/03/2006,12,2006,Coastal,Edge Hill
Central Coast,23/03/2007,24/03/2007,12,2007,Coastal,Edge Hill
Lake Macquarie,19/03/2008,22/03/2008,12,2008,Coastal,Edge Hill
Port Stephens,40212,06/03/2010,12,2010,Coastal,Edge Hill
Port Stephens,30/03/2010,03/04/2010,12,2010,Coastal,Edge Hill
Ballina,25/03/2013,30/03/2013,12,2013,Coastal,Edge Hill
Port Macquarie,25/03/2013,30/03/2013,12,2013,Coastal,Edge Hill
Port Stephens,24/03/2014,29/03/2014,12,2014,Coastal,Edge Hill
Coffs Harbour,43864,07/03/2020,12,2020,Coastal,Edge Hill
Coffs Harbour,24/03/2020,28/03/2020,12,2020,Coastal,Edge Hill
Kempsey,23/03/2020,28/03/2020,12,2020,Coastal,Edge Hill
Port Macquarie,23/03/2020,28/03/2020,12,2020,Coastal,Edge Hill
Tweed,23/03/2020,28/03/2020,12,2020,Coastal,Edge Hill
Central Coast,44230,06/03/2021,12,2021,Coastal,Edge Hill
Clarence Valley,17/03/2021,20/03/2021,12,2021,Coastal,Edge Hill
Clarence Valley,29/03/2021,03/04/2021,12,2021,Coastal,Edge Hill
Batemans Bay,25/03/2024,30/03/2024,12,2024,Coastal,Edge Hill
Bourke,13/03/2002,16/03/2002,12,2002,Inland,Edge Hill
Leeton,41611,16/03/2013,12,2013,Inland,Edge Hill
Northern Beaches,35829,07/03/1998,12,1998,Sydney,Edge Hill
Ryde,39755,15/03/2008,12,2008,Sydney,Edge Hill
Georges River - East,40120,14/03/2009,12,2009,Sydney,Edge Hill
Bankstown,20/03/2013,23/03/2013,12,2013,Sydney,Edge Hill
Georges River - East,42066,07/03/2015,12,2015,Sydney,Edge Hill
Georges River - All,42769,04/03/2017,12,2017,Sydney,Edge Hill
Georges River - East,42919,11/03/2017,12,2017,Sydney,Edge Hill
Canada Bay,13/03/2024,16/03/2024,12,2024,Sydney,Edge Hill
Georges River - West,45599,16/03/2024,12,2024,Sydney,Edge Hill
Liverpool,45599,16/03/2024,12,2024,Sydney,Edge Hill
Northern Beaches,13/03/2024,16/03/2024,12,2024,Sydney,Edge Hill
Sydney Olympic Park,18/03/2024,23/03/2024,12,2024,Sydney,Edge Hill
Ballina,34976,15/04/1995,16,1995,Coastal,Edge Hill
Maclean,34823,08/04/1995,16,1995,Coastal,Edge Hill
Port Stephens,38872,08/04/2006,16,2006,Coastal,Edge Hill
Port Stephens,13/04/2010,17/04/2010,16,2010,Coastal,Edge Hill
Byron Bay,15/04/2013,20/04/2013,16,2013,Coastal,Edge Hill
Central Coast,41551,13/04/2013,16,2013,Coastal,Edge Hill
Central Coast,15/04/2013,20/04/2013,16,2013,Coastal,Edge Hill
Port Stephens,41643,05/04/2014,16,2014,Coastal,Edge Hill
Central Coast,43834,04/04/2020,16,2020,Coastal,Edge Hill
Ballina,44473,10/04/2021,16,2021,Coastal,Edge Hill
Newcastle,45234,15/04/2023,16,2023,Coastal,Edge Hill
Central Coast,28/04/2024,04/05/2024,16,2024,Coastal,Edge Hill
Clarence Valley,28/04/2024,04/05/2024,16,2024,Coastal,Edge Hill
Moree,21/04/2025,26/04/2025,16,2025,Inland,Edge Hill
Georges River - East,39998,11/04/2009,16,2009,Sydney,Edge Hill
Georges River - East,27/04/2009,02/05/2009,16,2009,Sydney,Edge Hill
Bankstown,18/04/2013,20/04/2013,16,2013,Sydney,Edge Hill
Georges River - East,41309,06/04/2013,16,2013,Sydney,Edge Hill
Hawkesbury,41309,06/04/2013,16,2013,Sydney,Edge Hill
Hawkesbury,41551,13/04/2013,16,2013,Sydney,Edge Hill
Earlwood,45600,13/04/2024,16,2024,Sydney,Edge Hill
Northern Beaches,27/04/2024,27/04/2024,16,2024,Sydney,Edge Hill
Newcastle,44989,08/04/2023,17,2023,Coastal,Edge Hill
Forbes,20/04/2021,24/04/2021,17,2021,Inland,Edge Hill
Georges River - East,14/04/2009,18/04/2009,17,2009,Sydney,Edge Hill
Georges River - East,14/04/2013,20/04/2013,17,2013,Sydney,Edge Hill
Georges River - East,20/04/2017,22/04/2017,17,2017,Sydney,Edge Hill
Northern Beaches,20/04/2020,25/04/2020,17,2020,Sydney,Edge Hill
Lake Cathie,26/05/2025,31/05/2025,20,2025,Coastal,Edge Hill
Griffith,40913,05/05/2012,21,2012,Inland,Edge Hill
Bourke,37937,13/12/2003,51,2003,Inland,Edge Hill
Grong Grong,44693,10/12/2022,51,2022,Inland,Edge Hill
Penrith,13/12/2022,17/12/2022,51,2022,Sydney,Edge Hill
Griffith,33696,08/02/1992,7,1992,Inland,Flavivirus unspecified
Georges River - East,20/04/2017,22/04/2017,17,2017,Sydney,Flavivirus unspecified
Griffith,27/01/1993,30/01/1993,3,1993,Inland,Gan Gan
Newcastle,13/01/2025,18/01/2025,4,2025,Coastal,Gan Gan
Newcastle,45932,15/02/2025,7,2025,Coastal,Gan Gan
Central Coast,45779,08/02/2025,8,2025,Coastal,Gan Gan
Newcastle,45718,08/02/2025,8,2025,Coastal,Gan Gan
Newcastle,17/02/2025,22/02/2025,8,2025,Coastal,Gan Gan
Newcastle,24/02/2025,01/03/2025,8,2025,Coastal,Gan Gan
Bankstown,18/02/2025,22/02/2025,8,2025,Sydney,Gan Gan
Port Stephens,17/03/1992,21/03/1992,12,1992,Coastal,Gan Gan
Newcastle,17/03/2025,22/03/2025,12,2025,Coastal,Gan Gan
Condobolin,17/03/1992,21/03/1992,12,1992,Inland,Gan Gan
Bankstown,45994,15/03/2025,12,2025,Sydney,Gan Gan
Bankstown,18/03/2025,22/03/2025,12,2025,Sydney,Gan Gan
Georges River,18/03/2025,22/03/2025,12,2025,Sydney,Gan Gan
Penrith,45661,05/04/2025,16,2025,Sydney,Gan Gan
Hawkesbury,45873,12/04/2025,17,2025,Sydney,Gan Gan
Penrith,45873,12/04/2025,17,2025,Sydney,Gan Gan
Forbes,17/01/2021,23/01/2021,3,2021,Inland,Japanese encephalitis
Forbes,24/01/2022,29/01/2022,3,2022,Inland,Japanese encephalitis
Wagga Wagga,44835,15/01/2022,3,2022,Inland,Japanese encephalitis
Griffith,45363,07/12/2024,51,2024,Inland,Japanese encephalitis
Moree,22/12/2024,28/12/2024,51,2024,Inland,Japanese encephalitis
Griffith,29/01/2008,02/02/2008,3,2008,Inland,Kokobera
Albury,23/01/2017,28/01/2017,3,2017,Inland,Kokobera
Grong Grong,29/01/2024,03/02/2024,3,2024,Inland,Kokobera
Macquarie Marshes,22/01/2024,27/01/2024,3,2024,Inland,Kokobera
Temora,29/01/2024,03/02/2024,3,2024,Inland,Kokobera
Georges River - West,43709,12/01/2019,3,2019,Sydney,Kokobera
Forbes,31/01/2022,05/02/2022,4,2022,Inland,Kokobera
Forbes,30/01/2024,03/02/2024,4,2024,Inland,Kokobera
Bourke,38262,14/02/2004,7,2004,Inland,Kokobera
Bourke,21/02/2012,25/02/2012,7,2012,Inland,Kokobera
Leeton,21/02/2012,25/02/2012,7,2012,Inland,Kokobera
Forbes,15/02/2022,19/02/2022,7,2022,Inland,Kokobera
Deniliquin,35644,08/02/1997,8,1997,Inland,Kokobera
Griffith,36162,06/02/1999,8,1999,Inland,Kokobera
Bourke,18/02/2004,21/02/2004,8,2004,Inland,Kokobera
Leeton,38719,04/02/2006,8,2006,Inland,Kokobera
Griffith,18/02/2008,23/02/2008,8,2008,Inland,Kokobera
Griffith,22/02/2010,27/02/2010,8,2010,Inland,Kokobera
Griffith,22/02/2012,25/02/2012,8,2012,Inland,Kokobera
Menindee,20/02/2012,25/02/2012,8,2012,Inland,Kokobera
Griffith,42310,14/02/2015,8,2015,Inland,Kokobera
Griffith,42888,11/02/2017,8,2017,Inland,Kokobera
Griffith,24/02/2021,27/02/2021,8,2021,Inland,Kokobera
Albury,44744,12/02/2022,8,2022,Inland,Kokobera
Forbes,29/02/2024,02/03/2024,8,2024,Inland,Kokobera
Griffith,19/02/2024,24/02/2024,8,2024,Inland,Kokobera
Tweed,44077,14/03/2020,11,2020,Coastal,Kokobera
Bourke,38080,06/03/2004,11,2004,Inland,Kokobera
Griffith,26/03/2012,31/03/2012,11,2012,Inland,Kokobera
Leeton,21/03/2012,24/03/2012,11,2012,Inland,Kokobera
Leeton,44077,14/03/2020,11,2020,Inland,Kokobera
Leeton,45385,09/03/2024,11,2024,Inland,Kokobera
Port Stephens,30/03/2010,03/04/2010,12,2010,Coastal,Kokobera
Nambucca,24/03/2024,30/03/2024,12,2024,Coastal,Kokobera
Leeton,20/03/2001,24/03/2001,12,2001,Inland,Kokobera
Griffith,40212,06/03/2010,12,2010,Inland,Kokobera
Griffith,22/03/2010,27/03/2010,12,2010,Inland,Kokobera
Griffith,29/03/2010,03/04/2010,12,2010,Inland,Kokobera
Leeton,40240,06/03/2010,12,2010,Inland,Kokobera
Griffith,40758,12/03/2011,12,2011,Inland,Kokobera
Leeton,22/03/2011,26/03/2011,12,2011,Inland,Kokobera
Bourke,41246,17/03/2012,12,2012,Inland,Kokobera
Griffith,19/03/2012,24/03/2012,12,2012,Inland,Kokobera
Leeton,13/03/2012,17/03/2012,12,2012,Inland,Kokobera
Forbes,14/03/2022,19/02/2022,12,2022,Inland,Kokobera
Macquarie Marshes,18/03/2024,23/03/2024,12,2024,Inland,Kokobera
Hawkesbury,40363,10/04/2010,16,2010,Sydney,Kokobera
Nambucca,14/04/2024,20/04/2024,17,2024,Coastal,Kokobera
Leeton,19/01/1999,23/01/1999,3,1999,Inland,Kunjin
Griffith,23/01/2023,28/01/2023,3,2023,Inland,Kunjin
Macquarie Marshes,23/01/2023,28/01/2023,3,2023,Inland,Kunjin
Griffith,30/01/2017,04/02/2017,4,2017,Inland,Kunjin
Bourke,26/02/1991,02/03/1991,7,1991,Inland,Kunjin
Griffith,15/02/1999,20/02/1999,7,1999,Inland,Kunjin
Condobolin,20/02/1991,23/02/1991,8,1991,Inland,Kunjin
Leeton,37227,17/02/2001,8,2001,Inland,Kunjin
Leeton,14/02/2007,17/02/2007,8,2007,Inland,Kunjin
Griffith,40757,12/02/2011,8,2011,Inland,Kunjin
Griffith,22/02/2011,26/02/2011,8,2011,Inland,Kunjin
Murray-Mathoura,40576,05/02/2011,8,2011,Inland,Kunjin
Griffith,15/03/2011,19/03/2011,11,2011,Inland,Kunjin
Griffith,36163,06/03/1999,12,1999,Inland,Kunjin
Griffith,40758,12/03/2011,12,2011,Inland,Kunjin
Murray-Mathoura,40758,12/03/2011,12,2011,Inland,Kunjin
Griffith,19/03/2012,24/03/2012,12,2012,Inland,Kunjin
Baulkham Hills,25/03/2011,26/03/2011,12,2011,Sydney,Kunjin
Wentworth,27/11/1990,01/12/1990,46,1990,Inland,Kunjin
Lake Cargelligo,19/12/1990,22/12/1990,51,1990,Inland,Kunjin
Leeton,17/12/1990,22/12/1990,51,1990,Inland,Kunjin
Wentworth,18/12/1990,22/12/1990,51,1990,Inland,Kunjin
Balranald,23/01/2023,28/01/2023,3,2023,Inland,Murray Valley encephalitis
Griffith,45200,14/01/2023,3,2023,Inland,Murray Valley encephalitis
Griffith,16/01/2023,21/01/2023,3,2023,Inland,Murray Valley encephalitis
Macquarie Marshes,23/01/2023,28/01/2023,3,2023,Inland,Murray Valley encephalitis
Menindee,45017,07/01/2023,3,2023,Inland,Murray Valley encephalitis
Menindee,45200,14/01/2023,3,2023,Inland,Murray Valley encephalitis
Murray-Mathoura,17/01/2023,21/01/2023,3,2023,Inland,Murray Valley encephalitis
Temora,23/01/2023,28/01/2023,3,2023,Inland,Murray Valley encephalitis
Albury,30/01/2023,04/02/2023,4,2023,Inland,Murray Valley encephalitis
Leeton,31/01/2023,04/02/2023,4,2023,Inland,Murray Valley encephalitis
Murray-Mathoura,30/01/2023,04/02/2023,4,2023,Inland,Murray Valley encephalitis
Deniliquin,21/02/2023,25/02/2023,7,2023,Inland,Murray Valley encephalitis
Griffith,39570,09/02/2008,8,2008,Inland,Murray Valley encephalitis
Griffith,18/02/2008,23/02/2008,8,2008,Inland,Murray Valley encephalitis
Corowa,13/02/2023,18/02/2023,8,2023,Inland,Murray Valley encephalitis
Corowa,20/02/2023,25/02/2023,8,2023,Inland,Murray Valley encephalitis
Griffith,45079,11/02/2023,8,2023,Inland,Murray Valley encephalitis
Macquarie Marshes,13/02/2023,18/02/2023,8,2023,Inland,Murray Valley encephalitis
Leeton,39541,08/03/2008,11,2008,Inland,Murray Valley encephalitis
Griffith,39510,08/03/2008,12,2008,Inland,Murray Valley encephalitis
Macquarie Marshes,45263,18/03/2023,12,2023,Inland,Murray Valley encephalitis
Batemans Bay,23/01/1991,26/01/1991,3,1991,Coastal,Ross River
Port Stephens,21/01/1992,25/01/1992,3,1992,Coastal,Ross River
Port Stephens,29/01/1992,01/02/1992,3,1992,Coastal,Ross River
Batemans Bay,23/01/1995,28/01/1995,3,1995,Coastal,Ross River
Tathra,17/01/1995,21/01/1995,3,1995,Coastal,Ross River
Batemans Bay,36465,16/01/1999,3,1999,Coastal,Ross River
Batemans Bay,18/01/1999,23/01/1999,3,1999,Coastal,Ross River
Port Stephens,36465,16/01/1999,3,1999,Coastal,Ross River
Port Stephens,24/01/2006,28/01/2006,3,2006,Coastal,Ross River
Port Macquarie,23/01/2008,26/01/2008,3,2008,Coastal,Ross River
Tweed,23/01/2015,24/01/2015,3,2015,Coastal,Ross River
Tweed,29/01/2024,03/02/2024,3,2024,Coastal,Ross River
Deniliquin,32782,14/01/1989,3,1989,Inland,Ross River
Griffith,34274,16/01/1993,3,1993,Inland,Ross River
Griffith,18/01/1993,23/01/1993,3,1993,Inland,Ross River
Wentworth,26/01/1993,30/01/1993,3,1993,Inland,Ross River
Boggabilla,29/01/1996,03/02/1996,3,1996,Inland,Ross River
Deniliquin,15/01/1996,20/01/1996,3,1996,Inland,Ross River
Deniliquin,29/01/1996,03/02/1996,3,1996,Inland,Ross River
Griffith,15/01/1996,20/01/1996,3,1996,Inland,Ross River
Griffith,22/01/1996,27/01/1996,3,1996,Inland,Ross River
Griffith,29/01/1996,03/02/1996,3,1996,Inland,Ross River
Deniliquin,35551,11/01/1997,3,1997,Inland,Ross River
Deniliquin,19/01/1997,25/01/1997,3,1997,Inland,Ross River
Griffith,35612,11/01/1997,3,1997,Inland,Ross River
Bourke,36861,15/01/2000,3,2000,Inland,Ross River
Bourke,17/01/2000,22/01/2000,3,2000,Inland,Ross River
Griffith,23/01/2001,27/01/2001,3,2001,Inland,Ross River
Albury,24/01/2006,28/01/2006,3,2006,Inland,Ross River
Griffith,17/01/2008,19/01/2008,3,2008,Inland,Ross River
Griffith,40452,16/01/2010,3,2010,Inland,Ross River
Leeton,40513,16/01/2010,3,2010,Inland,Ross River
Griffith,41000,07/01/2012,3,2012,Inland,Ross River
Leeton,18/01/2012,21/01/2012,3,2012,Inland,Ross River
Leeton,23/01/2015,24/01/2015,3,2015,Inland,Ross River
Albury,16/01/2017,21/01/2017,3,2017,Inland,Ross River
Griffith,43009,14/01/2017,3,2017,Inland,Ross River
Leeton,42979,14/01/2017,3,2017,Inland,Ross River
Forbes,44835,15/01/2022,3,2022,Inland,Ross River
Corowa,45170,14/01/2023,3,2023,Inland,Ross River
Griffith,21/01/2025,25/01/2025,3,2025,Inland,Ross River
Wagga Wagga,28/01/2025,01/02/2025,3,2025,Inland,Ross River
Penrith,44866,15/01/2022,3,2022,Sydney,Ross River
Menindee,31/01/2011,05/02/2011,4,2011,Inland,Ross River
Griffith,43160,06/01/2018,4,2018,Inland,Ross River
Griffith,31/01/2018,03/02/2018,4,2018,Inland,Ross River
Griffith,19/01/2021,23/01/2021,4,2021,Inland,Ross River
Albury,20/01/2025,25/01/2025,4,2025,Inland,Ross River
Penrith,25/01/2022,29/01/2022,4,2022,Sydney,Ross River
Batemans Bay,33696,08/02/1992,7,1992,Coastal,Ross River
Port Macquarie,22/02/1995,25/02/1995,7,1995,Coastal,Ross River
Batemans Bay,35522,08/02/1997,7,1997,Coastal,Ross River
Port Stephens,27/02/1997,01/03/1997,7,1997,Coastal,Ross River
Port Macquarie,21/02/2006,25/02/2006,7,2006,Coastal,Ross River
Port Stephens,21/02/2006,25/02/2006,7,2006,Coastal,Ross River
Port Stephens,27/02/2007,03/03/2007,7,2007,Coastal,Ross River
Central Coast,21/02/2012,25/02/2012,7,2012,Coastal,Ross River
Port Macquarie,15/02/2021,20/02/2021,7,2021,Coastal,Ross River
Newcastle,27/02/2024,02/03/2024,7,2024,Coastal,Ross River
Bourke,26/02/1990,03/03/1990,7,1990,Inland,Ross River
Griffith,27/02/1995,04/03/1995,7,1995,Inland,Ross River
Menindee,35187,10/02/1996,7,1996,Inland,Ross River
Warren,35187,10/02/1996,7,1996,Inland,Ross River
Griffith,35705,15/02/1997,7,1997,Inland,Ross River
Grong Grong,26/02/2024,02/03/2024,7,2024,Inland,Ross River
Ryde,27/02/2012,03/03/2012,7,2012,Sydney,Ross River
Bankstown,21/02/2022,26/02/2022,7,2022,Sydney,Ross River
Penrith,15/02/2022,19/02/2022,7,2022,Sydney,Ross River
Merimbula,20/02/1991,23/02/1991,8,1991,Coastal,Ross River
Batemans Bay,34852,11/02/1995,8,1995,Coastal,Ross River
Batemans Bay,14/02/1995,18/02/1995,8,1995,Coastal,Ross River
Batemans Bay,20/02/1995,25/02/1995,8,1995,Coastal,Ross River
Tathra,34882,11/02/1995,8,1995,Coastal,Ross River
Batemans Bay,25/02/1997,01/03/1997,8,1997,Coastal,Ross River
Maclean,19/02/1997,22/02/1997,8,1997,Coastal,Ross River
Batemans Bay,36162,06/02/1999,8,1999,Coastal,Ross River
Central Coast,36162,06/02/1999,8,1999,Coastal,Ross River
Forster,36221,06/02/1999,8,1999,Coastal,Ross River
Port Stephens,36162,06/02/1999,8,1999,Coastal,Ross River
Batemans Bay,13/02/2002,16/02/2002,8,2002,Coastal,Ross River
Lake Macquarie,20/02/2006,25/02/2006,8,2006,Coastal,Ross River
Port Stephens,14/02/2006,18/02/2006,8,2006,Coastal,Ross River
Port Stephens,28/02/2006,04/03/2006,8,2006,Coastal,Ross River
Port Stephens,41092,11/02/2012,8,2012,Coastal,Ross River
Tweed,24/02/2015,28/02/2015,8,2015,Coastal,Ross River
Port Macquarie,44410,13/02/2021,8,2021,Coastal,Ross River
Ballina,45628,17/02/2024,8,2024,Coastal,Ross River
Byron Bay,45414,10/02/2024,8,2024,Coastal,Ross River
Byron Bay,45628,17/02/2024,8,2024,Coastal,Ross River
Newcastle,45445,10/02/2024,8,2024,Coastal,Ross River
Griffith,32541,04/02/1989,8,1989,Inland,Ross River
Condobolin,34030,06/02/1993,8,1993,Inland,Ross River
Griffith,33971,06/02/1993,8,1993,Inland,Ross River
Griffith,34183,13/02/1993,8,1993,Inland,Ross River
Menindee,34183,13/02/1993,8,1993,Inland,Ross River
Wentworth,34002,06/02/1993,8,1993,Inland,Ross River
Griffith,34487,12/02/1994,8,1994,Inland,Ross River
Tamworth,34336,05/02/1994,8,1994,Inland,Ross River
Moree,20/02/1995,25/02/1995,8,1995,Inland,Ross River
Forbes,35218,10/02/1996,8,1996,Inland,Ross River
Griffith,35218,10/02/1996,8,1996,Inland,Ross River
Griffith,36709,12/02/2000,8,2000,Inland,Ross River
Leeton,36709,12/02/2000,8,2000,Inland,Ross River
Leeton,37227,17/02/2001,8,2001,Inland,Ross River
Wanaaring,37562,16/02/2002,8,2002,Inland,Ross River
Leeton,40545,05/02/2011,8,2011,Inland,Ross River
Leeton,23/02/2011,26/02/2011,8,2011,Inland,Ross River
Griffith,22/02/2012,25/02/2012,8,2012,Inland,Ross River
Griffith,17/02/2015,21/02/2015,8,2015,Inland,Ross River
Griffith,43222,10/02/2018,8,2018,Inland,Ross River
Forbes,23/02/2021,27/02/2021,8,2021,Inland,Ross River
Georges River - East,18/02/2014,22/02/2014,8,2014,Sydney,Ross River
Georges River - East,42310,14/02/2015,8,2015,Sydney,Ross River
Georges River - West,17/02/2015,21/02/2015,8,2015,Sydney,Ross River
Homebush,24/02/2015,28/02/2015,8,2015,Sydney,Ross River
Georges River - East,20/02/2019,23/02/2019,8,2019,Sydney,Ross River
Georges River - West,43801,16/02/2019,8,2019,Sydney,Ross River
Sydney Olympic Park,18/02/2019,23/02/2019,8,2019,Sydney,Ross River
Bankstown,44775,12/02/2022,8,2022,Sydney,Ross River
Bankstown,28/02/2022,05/03/2022,8,2022,Sydney,Ross River
Liverpool,22/02/2022,26/02/2022,8,2022,Sydney,Ross River
Ballina,26/03/1992,28/03/1992,11,1992,Coastal,Ross River
Port Stephens,35372,16/03/1996,11,1996,Coastal,Ross River
Maclean,35523,08/03/1997,11,1997,Coastal,Ross River
Port Stephens,15/03/1999,20/03/1999,11,1999,Coastal,Ross River
Port Stephens,40089,14/03/2009,11,2009,Coastal,Ross River
Port Macquarie,15/03/2011,19/03/2011,11,2011,Coastal,Ross River
Port Macquarie,26/03/2014,29/03/2014,11,2014,Coastal,Ross River
Central Coast,42097,07/03/2015,11,2015,Coastal,Ross River
Lake Macquarie,42280,14/03/2015,11,2015,Coastal,Ross River
Tweed,42280,14/03/2015,11,2015,Coastal,Ross River
Port Macquarie,44077,14/03/2020,11,2020,Coastal,Ross River
Tweed,45385,09/03/2024,11,2024,Coastal,Ross River
Griffith,33880,14/03/1992,11,1992,Inland,Ross River
Leeton,40789,12/03/2011,11,2011,Inland,Ross River
Leeton,21/03/2012,24/03/2012,11,2012,Inland,Ross River
Griffith,26/03/2014,29/03/2014,11,2014,Inland,Ross River
Griffith,42280,14/03/2015,11,2015,Inland,Ross River
Leeton,42280,14/03/2015,11,2015,Inland,Ross River
Georges River - All,42250,14/03/2015,11,2015,Sydney,Ross River
Homebush,42250,14/03/2015,11,2015,Sydney,Ross River
Georges River - East,26/03/2017,01/04/2017,11,2017,Sydney,Ross River
Taree,20/03/1990,24/03/1990,12,1990,Coastal,Ross River
Batemans Bay,33666,07/03/1992,12,1992,Coastal,Ross River
Merimbula,34518,12/03/1994,12,1994,Coastal,Ross River
Port Stephens,14/03/1994,19/03/1994,12,1994,Coastal,Ross River
Tathra,14/03/1995,18/03/1995,12,1995,Coastal,Ross River
Batemans Bay,24/03/1997,29/03/1997,12,1997,Coastal,Ross River
Taree,24/03/1998,28/03/1998,12,1998,Coastal,Ross River
Ballina,38567,12/03/2005,12,2005,Coastal,Ross River
Port Stephens,38567,12/03/2005,12,2005,Coastal,Ross River
Port Stephens,22/03/2005,26/03/2005,12,2005,Coastal,Ross River
Port Stephens,38932,11/03/2006,12,2006,Coastal,Ross River
Port Stephens,14/03/2006,18/03/2006,12,2006,Coastal,Ross River
Port Stephens,18/03/2009,21/03/2009,12,2009,Coastal,Ross River
Port Stephens,40758,12/03/2011,12,2011,Coastal,Ross River
Port Stephens,41063,10/03/2012,12,2012,Coastal,Ross River
Ballina,18/03/2014,22/03/2014,12,2014,Coastal,Ross River
Coffs Harbour,18/03/2014,22/03/2014,12,2014,Coastal,Ross River
Port Macquarie,17/03/2014,22/03/2014,12,2014,Coastal,Ross River
Port Stephens,18/03/2014,22/03/2014,12,2014,Coastal,Ross River
Port Stephens,24/03/2014,29/03/2014,12,2014,Coastal,Ross River
Tweed,41762,08/03/2014,12,2014,Coastal,Ross River
Tweed,41946,15/03/2014,12,2014,Coastal,Ross River
Tweed,17/03/2014,22/03/2014,12,2014,Coastal,Ross River
Central Coast,13/03/2019,16/03/2019,12,2019,Coastal,Ross River
Kempsey,43864,07/03/2020,12,2020,Coastal,Ross River
Kempsey,30/03/2020,04/04/2020,12,2020,Coastal,Ross River
Port Macquarie,43864,07/03/2020,12,2020,Coastal,Ross River
Port Macquarie,16/03/2020,21/03/2020,12,2020,Coastal,Ross River
Port Macquarie,23/03/2020,28/03/2020,12,2020,Coastal,Ross River
Port Macquarie,30/03/2020,04/04/2020,12,2020,Coastal,Ross River
Clarence Valley,17/03/2021,20/03/2021,12,2021,Coastal,Ross River
Central Coast,25/03/2024,30/03/2024,12,2024,Coastal,Ross River
Newcastle,45599,16/03/2024,12,2024,Coastal,Ross River
Kempsey,31/03/2025,05/04/2025,12,2025,Coastal,Ross River
Condobolin,33666,07/03/1992,12,1992,Inland,Ross River
Condobolin,17/03/1992,21/03/1992,12,1992,Inland,Ross River
Lake Cargelligo,17/03/1992,21/03/1992,12,1992,Inland,Ross River
Boggabilla,14/03/1994,19/03/1994,12,1994,Inland,Ross River
Fords Bridge,28/03/2000,01/04/2000,12,2000,Inland,Ross River
Griffith,20/03/2000,25/03/2000,12,2000,Inland,Ross River
Menindee,38049,06/03/2004,12,2004,Inland,Ross River
Griffith,40758,12/03/2011,12,2011,Inland,Ross River
Griffith,19/03/2012,24/03/2012,12,2012,Inland,Ross River
Leeton,13/03/2012,17/03/2012,12,2012,Inland,Ross River
Griffith,41946,15/03/2014,12,2014,Inland,Ross River
Griffith,17/03/2014,22/03/2014,12,2014,Inland,Ross River
Leeton,41976,15/03/2014,12,2014,Inland,Ross River
Leeton,42066,07/03/2015,12,2015,Inland,Ross River
Macquarie Marshes,42219,14/03/2015,12,2015,Inland,Ross River
Leeton,42372,05/03/2016,12,2016,Inland,Ross River
Narrandera,13/03/2023,18/03/2023,12,2023,Inland,Ross River
Griffith,45599,16/03/2024,12,2024,Inland,Ross River
Temora,45599,16/03/2024,12,2024,Inland,Ross River
Hawkesbury,30/03/1999,03/04/1999,12,1999,Sydney,Ross River
Georges River - East,17/03/2009,21/03/2009,12,2009,Sydney,Ross River
Georges River - East,31/03/2009,04/04/2009,12,2009,Sydney,Ross River
Georges River - East,18/03/2010,20/03/2010,12,2010,Sydney,Ross River
Hawkesbury,24/03/2010,27/03/2010,12,2010,Sydney,Ross River
Ryde,24/03/2010,27/03/2010,12,2010,Sydney,Ross River
Bankstown,41762,08/03/2014,12,2014,Sydney,Ross River
Georges River - East,41762,08/03/2014,12,2014,Sydney,Ross River
Georges River - East,41946,15/03/2014,12,2014,Sydney,Ross River
Georges River - East,17/03/2014,22/03/2014,12,2014,Sydney,Ross River
Georges River - All,17/03/2015,21/03/2015,12,2015,Sydney,Ross River
Georges River - West,31/03/2015,04/04/2015,12,2015,Sydney,Ross River
Hawkesbury,42066,07/03/2015,12,2015,Sydney,Ross River
Homebush,17/03/2015,21/03/2015,12,2015,Sydney,Ross River
Georges River - All,42769,04/03/2017,12,2017,Sydney,Ross River
Georges River - All,13/03/2017,18/03/2017,12,2017,Sydney,Ross River
Georges River - West,19/03/2017,25/03/2017,12,2017,Sydney,Ross River
Northern Beaches,30/03/2020,04/04/2020,12,2020,Sydney,Ross River
Hawkesbury,29/03/2022,02/04/2022,12,2022,Sydney,Ross River
Northern Beaches,28/03/2022,02/04/2022,12,2022,Sydney,Ross River
Penrith,45415,09/03/2024,12,2024,Sydney,Ross River
Port Stephens,24/04/1990,28/04/1990,16,1990,Coastal,Ross River
Ballina,33607,04/04/1992,16,1992,Coastal,Ross River
Port Macquarie,19/04/2005,23/04/2005,16,2005,Coastal,Ross River
Port Stephens,38476,09/04/2005,16,2005,Coastal,Ross River
Port Stephens,17/04/2007,21/04/2007,16,2007,Coastal,Ross River
Byron Bay,24/04/2012,28/04/2012,16,2012,Coastal,Ross River
Port Stephens,15/04/2014,19/04/2014,16,2014,Coastal,Ross River
Port Stephens,29/04/2014,03/05/2014,16,2014,Coastal,Ross River
Central Coast,26/04/2018,28/04/2018,16,2018,Coastal,Ross River
Ballina,17/04/2019,20/04/2019,16,2019,Coastal,Ross River
Ballina,23/04/2019,27/04/2019,16,2019,Coastal,Ross River
Ballina,43986,11/04/2020,16,2020,Coastal,Ross River
Central Coast,43834,04/04/2020,16,2020,Coastal,Ross River
Port Macquarie,27/04/2020,02/05/2020,16,2020,Coastal,Ross River
Port Macquarie,26/04/2022,30/04/2022,16,2022,Coastal,Ross River
Coffs Harbour,22/04/2025,26/04/2025,16,2025,Coastal,Ross River
Kempsey,28/04/2025,03/05/2025,16,2025,Coastal,Ross River
Newcastle,45842,12/04/2025,16,2025,Coastal,Ross River
Condobolin,33789,11/04/1992,16,1992,Inland,Ross River
Fords Bridge,36620,08/04/2000,16,2000,Inland,Ross River
Griffith,40943,07/04/2012,16,2012,Inland,Ross River
Leeton,17/04/2012,21/04/2012,16,2012,Inland,Ross River
Leeton,41674,05/04/2014,16,2014,Inland,Ross River
Homebush,37199,14/04/2001,16,2001,Sydney,Ross River
Georges River - East,39998,11/04/2009,16,2009,Sydney,Ross River
Blacktown,17/04/2014,19/04/2014,16,2014,Sydney,Ross River
Georges River - East,29/04/2014,03/05/2014,16,2014,Sydney,Ross River
Northern Beaches,43986,11/04/2020,16,2020,Sydney,Ross River
Northern Beaches,27/04/2020,02/05/2020,16,2020,Sydney,Ross River
Northern Beaches,44655,09/04/2022,16,2022,Sydney,Ross River
Northern Beaches,44899,16/04/2022,16,2022,Sydney,Ross River
Port Stephens,39145,07/04/2007,17,2007,Coastal,Ross River
Byron Bay,41490,13/04/2013,17,2013,Coastal,Ross River
Tweed,42220,11/04/2015,17,2015,Coastal,Ross River
Leeton,40972,07/04/2012,17,2012,Inland,Ross River
Georges River - East,14/04/2009,18/04/2009,17,2009,Sydney,Ross River
Northern Beaches,20/04/2020,25/04/2020,17,2020,Sydney,Ross River
Port Stephens,29/05/1989,03/06/1989,20,1989,Coastal,Ross River
Nyngan,28/05/1990,02/06/1990,20,1990,Inland,Ross River
Northern Beaches,44870,14/05/2022,20,2022,Sydney,Ross River
Griffith,16/11/1998,21/11/1998,46,1998,Inland,Ross River
Forbes,15/11/2016,19/11/2016,46,2016,Inland,Ross River
Griffith,21/11/2016,26/11/2016,46,2016,Inland,Ross River
Griffith,15/11/2022,19/11/2022,46,2022,Inland,Ross River
Griffith,35837,07/11/1998,47,1998,Inland,Ross River
Menindee,36018,14/11/1998,47,1998,Inland,Ross River
Forbes,29/11/2016,03/12/2016,47,2016,Inland,Ross River
Griffith,42380,05/11/2016,47,2016,Inland,Ross River
Griffith,30/11/2016,03/12/2016,47,2016,Inland,Ross River
Leeton,16/11/2016,19/11/2016,47,2016,Inland,Ross River
Leeton,29/11/2016,03/12/2016,47,2016,Inland,Ross River
Murray-Mathoura,42593,12/11/2016,47,2016,Inland,Ross River
Port Stephens,18/12/2007,22/12/2007,51,2007,Coastal,Ross River
Wentworth,18/12/1990,22/12/1990,51,1990,Inland,Ross River
Griffith,29/12/1992,02/01/1993,51,1992,Inland,Ross River
Griffith,34315,18/12/1993,51,1993,Inland,Ross River
Griffith,30/12/1996,04/01/1997,51,1996,Inland,Ross River
Menindee,13/12/2005,17/12/2005,51,2005,Inland,Ross River
Albury,42502,10/12/2016,51,2016,Inland,Ross River
Albury,19/12/2016,24/12/2016,51,2016,Inland,Ross River
Forbes,42502,10/12/2016,51,2016,Inland,Ross River
Griffith,42502,10/12/2016,51,2016,Inland,Ross River
Griffith,42716,17/12/2016,51,2016,Inland,Ross River
Leeton,42563,10/12/2016,51,2016,Inland,Ross River
Leeton,13/12/2016,17/12/2016,51,2016,Inland,Ross River
Murray-Mathoura,13/12/2016,17/12/2016,51,2016,Inland,Ross River
Temora,44693,10/12/2022,51,2022,Inland,Ross River
Griffith,19/12/2024,21/12/2024,51,2024,Inland,Ross River
Bankstown,17/12/2014,20/12/2014,51,2014,Sydney,Ross River
Georges River - East,42594,10/12/2016,51,2016,Sydney,Ross River
Georges River - East,29/12/2016,31/12/2016,51,2016,Sydney,Ross River
Griffith,20/12/2005,24/12/2005,52,2005,Inland,Ross River
Griffith,17/01/1989,21/01/1989,3,1989,Inland,Sindbis
Leeton,32721,14/01/1989,3,1989,Inland,Sindbis
Griffith,33117,13/01/1990,3,1990,Inland,Sindbis
Wentworth,33451,12/01/1991,3,1991,Inland,Sindbis
Griffith,23/01/1994,29/01/1994,3,1994,Inland,Sindbis
Griffith,36251,09/01/1999,3,1999,Inland,Sindbis
Griffith,36465,16/01/1999,3,1999,Inland,Sindbis
Griffith,18/01/1999,23/01/1999,3,1999,Inland,Sindbis
Leeton,36281,09/01/1999,3,1999,Inland,Sindbis
Albury,16/01/2001,20/01/2001,3,2001,Inland,Sindbis
Griffith,16/01/2001,20/01/2001,3,2001,Inland,Sindbis
Griffith,23/01/2001,27/01/2001,3,2001,Inland,Sindbis
Macquarie Marshes,21/01/2001,27/01/2001,3,2001,Inland,Sindbis
Griffith,38991,14/01/2006,3,2006,Inland,Sindbis
Griffith,17/01/2006,21/01/2006,3,2006,Inland,Sindbis
Griffith,24/01/2006,28/01/2006,3,2006,Inland,Sindbis
Leeton,39022,14/01/2006,3,2006,Inland,Sindbis
Leeton,18/01/2006,21/01/2006,3,2006,Inland,Sindbis
Leeton,24/01/2006,28/01/2006,3,2006,Inland,Sindbis
Albury,40848,15/01/2011,3,2011,Inland,Sindbis
Bourke,17/01/2011,22/01/2011,3,2011,Inland,Sindbis
Leeton,40664,08/01/2011,3,2011,Inland,Sindbis
Griffith,43009,14/01/2017,3,2017,Inland,Sindbis
Griffith,22/01/2017,28/01/2017,3,2017,Inland,Sindbis
Griffith,23/01/2017,28/01/2017,3,2017,Inland,Sindbis
Leeton,17/01/2017,21/01/2017,3,2017,Inland,Sindbis
Griffith,31/01/1994,05/02/1994,4,1994,Inland,Sindbis
Leeton,30/01/2001,03/02/2001,4,2001,Inland,Sindbis
Griffith,31/01/2006,04/02/2006,4,2006,Inland,Sindbis
Griffith,42795,07/01/2017,4,2017,Inland,Sindbis
Griffith,30/01/2017,04/02/2017,4,2017,Inland,Sindbis
Ballina,34579,12/02/1994,7,1994,Coastal,Sindbis
Batemans Bay,21/02/1996,24/02/1996,7,1996,Coastal,Sindbis
Leeton,27/02/1989,04/03/1989,7,1989,Inland,Sindbis
Griffith,15/02/1990,17/02/1990,7,1990,Inland,Sindbis
Griffith,26/02/1990,03/03/1990,7,1990,Inland,Sindbis
Griffith,15/02/1993,20/02/1993,7,1993,Inland,Sindbis
Menindee,15/02/1993,20/02/1993,7,1993,Inland,Sindbis
Wentworth,16/02/1993,20/02/1993,7,1993,Inland,Sindbis
Wee Waa,15/02/1994,19/02/1994,7,1994,Inland,Sindbis
Griffith,15/02/1999,20/02/1999,7,1999,Inland,Sindbis
Griffith,22/02/1999,27/02/1999,7,1999,Inland,Sindbis
Albury,15/02/2001,17/02/2001,7,2001,Inland,Sindbis
Griffith,15/02/2001,17/02/2001,7,2001,Inland,Sindbis
Griffith,15/02/2006,18/02/2006,7,2006,Inland,Sindbis
Leeton,40788,12/02/2011,7,2011,Inland,Sindbis
Menindee,27/02/2012,03/03/2012,7,2012,Inland,Sindbis
Tweed,19/02/2024,24/02/2024,8,2024,Coastal,Sindbis
Griffith,32541,04/02/1989,8,1989,Inland,Sindbis
Griffith,32691,11/02/1989,8,1989,Inland,Sindbis
Griffith,14/02/1989,18/02/1989,8,1989,Inland,Sindbis
Griffith,20/02/1989,25/02/1989,8,1989,Inland,Sindbis
Griffith,33026,10/02/1990,8,1990,Inland,Sindbis
Griffith,20/02/1990,24/02/1990,8,1990,Inland,Sindbis
Condobolin,34030,06/02/1993,8,1993,Inland,Sindbis
Griffith,33971,06/02/1993,8,1993,Inland,Sindbis
Griffith,34183,13/02/1993,8,1993,Inland,Sindbis
Menindee,34183,13/02/1993,8,1993,Inland,Sindbis
Griffith,34487,12/02/1994,8,1994,Inland,Sindbis
Griffith,13/02/1994,19/02/1994,8,1994,Inland,Sindbis
Griffith,20/02/1994,26/02/1994,8,1994,Inland,Sindbis
Leeton,13/02/1994,19/02/1994,8,1994,Inland,Sindbis
Bourke,18/02/1996,24/02/1996,8,1996,Inland,Sindbis
Deniliquin,14/02/1996,17/02/1996,8,1996,Inland,Sindbis
Griffith,19/02/1996,24/02/1996,8,1996,Inland,Sindbis
Griffith,37044,10/02/2001,8,2001,Inland,Sindbis
Griffith,22/02/2001,24/02/2001,8,2001,Inland,Sindbis
Leeton,28/02/2001,03/03/2001,8,2001,Inland,Sindbis
Griffith,22/02/2006,25/02/2006,8,2006,Inland,Sindbis
Leeton,38719,04/02/2006,8,2006,Inland,Sindbis
Leeton,14/02/2006,18/02/2006,8,2006,Inland,Sindbis
Griffith,39754,16/02/2008,8,2008,Inland,Sindbis
Griffith,25/02/2008,01/03/2008,8,2008,Inland,Sindbis
Griffith,42888,11/02/2017,8,2017,Inland,Sindbis
Maclean,22/03/1990,24/03/1990,11,1990,Coastal,Sindbis
Griffith,15/03/1993,20/03/1993,11,1993,Inland,Sindbis
Griffith,22/03/1993,27/03/1993,11,1993,Inland,Sindbis
Griffith,27/03/2000,01/04/2000,11,2000,Inland,Sindbis
Griffith,15/03/2006,18/03/2006,11,2006,Inland,Sindbis
Griffith,26/03/2012,31/03/2012,11,2012,Inland,Sindbis
Leeton,21/03/2012,24/03/2012,11,2012,Inland,Sindbis
Wagga Wagga,26/03/2012,31/03/2012,11,2012,Inland,Sindbis
Ballina,16/03/2006,18/03/2006,12,2006,Coastal,Sindbis
Wee Waa,14/03/1989,18/03/1989,12,1989,Inland,Sindbis
Griffith,13/03/1990,17/03/1990,12,1990,Inland,Sindbis
Griffith,33575,16/03/1991,12,1991,Inland,Sindbis
Griffith,33972,06/03/1993,12,1993,Inland,Sindbis
Wentworth,30/03/1993,03/04/1993,12,1993,Inland,Sindbis
Griffith,34488,12/03/1994,12,1994,Inland,Sindbis
Condobolin,35402,16/03/1996,12,1996,Inland,Sindbis
Griffith,36163,06/03/1999,12,1999,Inland,Sindbis
Fords Bridge,28/03/2000,01/04/2000,12,2000,Inland,Sindbis
Griffith,38932,11/03/2006,12,2006,Inland,Sindbis
Griffith,19/03/2012,24/03/2012,12,2012,Inland,Sindbis
Port Macquarie,43012,15/04/2017,16,2017,Coastal,Sindbis
Fords Bridge,36620,08/04/2000,16,2000,Inland,Sindbis
Condobolin,27/11/1990,01/12/1990,46,1990,Inland,Sindbis
Hay,27/11/1990,01/12/1990,46,1990,Inland,Sindbis
Griffith,21/11/2016,26/11/2016,46,2016,Inland,Sindbis
Menindee,20/11/1989,25/11/1989,47,1989,Inland,Sindbis
Wentworth,33035,10/11/1990,47,1990,Inland,Sindbis
Albury,23/11/2010,27/11/2010,47,2010,Inland,Sindbis
Griffith,16/11/2010,20/11/2010,47,2010,Inland,Sindbis
Griffith,23/11/2010,27/11/2010,47,2010,Inland,Sindbis
Griffith,30/11/2010,04/12/2010,47,2010,Inland,Sindbis
Forbes,42562,12/11/2016,47,2016,Inland,Sindbis
Griffith,30/11/2016,03/12/2016,47,2016,Inland,Sindbis
Leeton,15/12/1998,19/12/1998,50,1998,Inland,Sindbis
Wentworth,32854,16/12/1989,51,1989,Inland,Sindbis
Albury,17/12/1990,22/12/1990,51,1990,Inland,Sindbis
Condobolin,33219,15/12/1990,51,1990,Inland,Sindbis
Lake Cargelligo,33005,08/12/1990,51,1990,Inland,Sindbis
Lake Cargelligo,19/12/1990,22/12/1990,51,1990,Inland,Sindbis
Menindee,33219,15/12/1990,51,1990,Inland,Sindbis
Wentworth,32975,08/12/1990,51,1990,Inland,Sindbis
Wentworth,18/12/1990,22/12/1990,51,1990,Inland,Sindbis
Griffith,21/12/1998,26/12/1998,51,1998,Inland,Sindbis
Griffith,28/12/1998,02/01/1999,51,1998,Inland,Sindbis
Leeton,21/12/1998,26/12/1998,51,1998,Inland,Sindbis
Leeton,29/12/1998,02/01/1999,51,1998,Inland,Sindbis
Griffith,26/12/2000,30/12/2000,51,2000,Inland,Sindbis
Macquarie Marshes,18/12/2000,23/12/2000,51,2000,Inland,Sindbis
Albury,13/12/2010,18/12/2010,51,2010,Inland,Sindbis
Albury,22/12/2010,25/12/2010,51,2010,Inland,Sindbis
Griffith,13/12/2010,18/12/2010,51,2010,Inland,Sindbis
Griffith,21/12/2010,25/12/2010,51,2010,Inland,Sindbis
Griffith,31/12/2010,01/01/2011,51,2010,Inland,Sindbis
Leeton,14/12/2010,18/12/2010,51,2010,Inland,Sindbis
Leeton,23/12/2010,25/12/2010,51,2010,Inland,Sindbis
Murray-Mathoura,40371,11/12/2010,51,2010,Inland,Sindbis
Murray-Mathoura,14/12/2010,18/12/2010,51,2010,Inland,Sindbis
Murray-Mathoura,21/12/2010,25/12/2010,51,2010,Inland,Sindbis
Wagga Wagga,21/12/2010,25/12/2010,51,2010,Inland,Sindbis
Griffith,42502,10/12/2016,51,2016,Inland,Sindbis
Griffith,42716,17/12/2016,51,2016,Inland,Sindbis
Griffith,19/12/2016,24/12/2016,51,2016,Inland,Sindbis
Leeton,42563,10/12/2016,51,2016,Inland,Sindbis
Leeton,13/12/2016,17/12/2016,51,2016,Inland,Sindbis
Batemans Bay,23/01/1995,28/01/1995,3,1995,Coastal,Stratford
Port Stephens,15/01/2008,19/01/2008,3,2008,Coastal,Stratford
Port Stephens,23/01/2008,26/01/2008,3,2008,Coastal,Stratford
Cumberland State Forest,19/01/1999,23/01/1999,3,1999,Sydney,Stratford
Georges River - East,21/01/2014,25/01/2014,3,2014,Sydney,Stratford
Georges River - East,29/01/2014,01/02/2014,3,2014,Sydney,Stratford
Parramatta,23/01/2019,26/01/2019,3,2019,Sydney,Stratford
Georges River - East,44317,09/01/2021,3,2021,Sydney,Stratford
Georges River,29/01/2025,01/02/2025,3,2025,Sydney,Stratford
Port Stephens,31/01/2006,04/02/2006,4,2006,Coastal,Stratford
Griffith,14/01/2014,18/01/2014,4,2014,Inland,Stratford
Georges River - East,14/01/2014,18/01/2014,4,2014,Sydney,Stratford
Georges River - West,30/01/2018,03/02/2018,4,2018,Sydney,Stratford
Batemans Bay,27/02/1995,04/03/1995,7,1995,Coastal,Stratford
Lake Macquarie,16/02/2006,18/02/2006,7,2006,Coastal,Stratford
Lake Macquarie,21/02/2006,25/02/2006,7,2006,Coastal,Stratford
Newcastle,16/02/2006,18/02/2006,7,2006,Coastal,Stratford
Port Stephens,21/02/2006,25/02/2006,7,2006,Coastal,Stratford
Byron Bay,40423,13/02/2010,7,2010,Coastal,Stratford
Tweed,42249,14/02/2015,7,2015,Coastal,Stratford
Central Coast,43557,09/02/2019,7,2019,Coastal,Stratford
Narooma,45384,10/02/2024,7,2024,Coastal,Stratford
Port Macquarie,26/02/2024,02/03/2024,7,2024,Coastal,Stratford
Blacktown,26/02/2013,02/03/2013,7,2013,Sydney,Stratford
Georges River - East,41731,08/02/2014,7,2014,Sydney,Stratford
Sydney Olympic Park,27/02/2020,29/02/2020,7,2020,Sydney,Stratford
Georges River - West,27/02/2024,02/03/2024,7,2024,Sydney,Stratford
Georges River,45932,15/02/2025,7,2025,Sydney,Stratford
Batemans Bay,34852,11/02/1995,8,1995,Coastal,Stratford
Batemans Bay,14/02/1995,18/02/1995,8,1995,Coastal,Stratford
Batemans Bay,20/02/1995,25/02/1995,8,1995,Coastal,Stratford
Port Stephens,19/02/1996,24/02/1996,8,1996,Coastal,Stratford
Central Coast,24/02/2006,25/02/2006,8,2006,Coastal,Stratford
Lake Macquarie,20/02/2006,25/02/2006,8,2006,Coastal,Stratford
Port Stephens,14/02/2006,18/02/2006,8,2006,Coastal,Stratford
Port Stephens,28/02/2006,04/03/2006,8,2006,Coastal,Stratford
Batemans Bay,24/02/2010,27/02/2010,8,2010,Coastal,Stratford
Byron Bay,40211,06/02/2010,8,2010,Coastal,Stratford
Lake Macquarie,25/02/2010,27/02/2010,8,2010,Coastal,Stratford
Port Stephens,40211,06/02/2010,8,2010,Coastal,Stratford
Port Stephens,18/02/2010,20/02/2010,8,2010,Coastal,Stratford
Clarence Valley,18/02/2020,22/02/2020,8,2020,Coastal,Stratford
Port Macquarie,43892,08/02/2020,8,2020,Coastal,Stratford
Central Coast,45475,10/02/2024,8,2024,Coastal,Stratford
Central Coast,22/02/2024,24/02/2024,8,2024,Coastal,Stratford
Newcastle,45445,10/02/2024,8,2024,Coastal,Stratford
Newcastle,45628,17/02/2024,8,2024,Coastal,Stratford
Central Coast,18/02/2025,22/02/2025,8,2025,Coastal,Stratford
Georges River - East,40392,13/02/2010,8,2010,Sydney,Stratford
Georges River - East,43283,10/02/2018,8,2018,Sydney,Stratford
Georges River - West,43436,17/02/2018,8,2018,Sydney,Stratford
Parramatta,18/02/2019,23/02/2019,8,2019,Sydney,Stratford
Parramatta,25/02/2019,02/03/2019,8,2019,Sydney,Stratford
Sydney Olympic Park,43801,16/02/2019,8,2019,Sydney,Stratford
Bankstown,45628,17/02/2024,8,2024,Sydney,Stratford
Georges River - West,45475,10/02/2024,8,2024,Sydney,Stratford
Hawkesbury,45445,10/02/2024,8,2024,Sydney,Stratford
Sydney Olympic Park,45414,10/02/2024,8,2024,Sydney,Stratford
The Hills,29/02/2024,02/03/2024,8,2024,Sydney,Stratford
Central Coast,26/03/2013,30/03/2013,11,2013,Coastal,Stratford
Lake Macquarie,26/03/2013,30/03/2013,11,2013,Coastal,Stratford
Port Macquarie,44077,14/03/2020,11,2020,Coastal,Stratford
Tweed,44077,14/03/2020,11,2020,Coastal,Stratford
Tweed,45385,09/03/2024,11,2024,Coastal,Stratford
Hawkesbury,26/03/2013,30/03/2013,11,2013,Sydney,Stratford
Northern Beaches,21/03/2023,25/03/2023,11,2023,Sydney,Stratford
Hawkesbury,26/03/2024,30/03/2024,11,2024,Sydney,Stratford
Penrith,26/03/2024,30/03/2024,11,2024,Sydney,Stratford
Lake Macquarie,14/03/2006,18/03/2006,12,2006,Coastal,Stratford
Port Stephens,14/03/2006,18/03/2006,12,2006,Coastal,Stratford
Byron Bay,23/03/2010,27/03/2010,12,2010,Coastal,Stratford
Ballina,25/03/2013,30/03/2013,12,2013,Coastal,Stratford
Byron Bay,25/03/2013,30/03/2013,12,2013,Coastal,Stratford
Central Coast,41581,16/03/2013,12,2013,Coastal,Stratford
Tweed,25/03/2013,30/03/2013,12,2013,Coastal,Stratford
Kempsey,23/03/2020,28/03/2020,12,2020,Coastal,Stratford
Lake Macquarie,43893,07/03/2020,12,2020,Coastal,Stratford
Port Macquarie,43864,07/03/2020,12,2020,Coastal,Stratford
Port Macquarie,23/03/2020,28/03/2020,12,2020,Coastal,Stratford
Tweed,23/03/2020,28/03/2020,12,2020,Coastal,Stratford
Central Coast,45110,11/03/2023,12,2023,Coastal,Stratford
Central Coast,23/03/2023,25/03/2023,12,2023,Coastal,Stratford
Kiama,45080,11/03/2023,12,2023,Coastal,Stratford
Batemans Bay,25/03/2024,30/03/2024,12,2024,Coastal,Stratford
Lake Cathie,17/03/2025,22/03/2025,12,2025,Coastal,Stratford
Parramatta,36222,06/03/1999,12,1999,Sydney,Stratford
Georges River - East,18/03/2010,20/03/2010,12,2010,Sydney,Stratford
Blacktown,41397,09/03/2013,12,2013,Sydney,Stratford
Blacktown,41611,16/03/2013,12,2013,Sydney,Stratford
Georges River - West,13/03/2017,18/03/2017,12,2017,Sydney,Stratford
Georges River - West,19/03/2017,25/03/2017,12,2017,Sydney,Stratford
Georges River - East,14/03/2019,16/03/2019,12,2019,Sydney,Stratford
Parramatta,43802,16/03/2019,12,2019,Sydney,Stratford
Northern Beaches,19/03/2020,21/03/2020,12,2020,Sydney,Stratford
Georges River - East,24/03/2021,27/03/2021,12,2021,Sydney,Stratford
Georges River - West,25/03/2021,27/03/2021,12,2021,Sydney,Stratford
Northern Beaches,28/03/2022,02/04/2022,12,2022,Sydney,Stratford
Georges River - West,13/03/2023,18/03/2023,12,2023,Sydney,Stratford
Penrith,45110,11/03/2023,12,2023,Sydney,Stratford
The Hills,45446,09/03/2024,12,2024,Sydney,Stratford
Northern Beaches,45964,15/03/2025,12,2025,Sydney,Stratford
Sydney Olympic Park,19/03/2025,22/03/2025,12,2025,Sydney,Stratford
Central Coast,38872,08/04/2006,16,2006,Coastal,Stratford
Lake Macquarie,38841,08/04/2006,16,2006,Coastal,Stratford
Lake Macquarie,41309,06/04/2013,16,2013,Coastal,Stratford
Central Coast,44016,11/04/2020,16,2020,Coastal,Stratford
Central Coast,45569,13/04/2024,16,2024,Coastal,Stratford
Narooma,45477,13/04/2024,16,2024,Coastal,Stratford
Narooma,22/04/2024,27/04/2024,16,2024,Coastal,Stratford
Cumberland State Forest,36315,10/04/1999,16,1999,Sydney,Stratford
Penrith,36376,10/04/1999,16,1999,Sydney,Stratford
Hawkesbury,38537,09/04/2005,16,2005,Sydney,Stratford
Bankstown,18/04/2013,20/04/2013,16,2013,Sydney,Stratford
Northern Beaches,27/04/2020,02/05/2020,16,2020,Sydney,Stratford
Georges River - East,44381,10/04/2021,16,2021,Sydney,Stratford
Northern Beaches,44655,09/04/2022,16,2022,Sydney,Stratford
Northern Beaches,26/04/2022,30/04/2022,16,2022,Sydney,Stratford
Hawkesbury,16/04/2024,20/04/2024,16,2024,Sydney,Stratford
Northern Beaches,45326,06/04/2024,16,2024,Sydney,Stratford
Northern Beaches,27/04/2024,27/04/2024,16,2024,Sydney,Stratford
The Hills,45600,13/04/2024,16,2024,Sydney,Stratford
Earlwood,23/04/2025,26/04/2025,16,2025,Sydney,Stratford
Northern Beaches,15/04/2025,19/04/2025,16,2025,Sydney,Stratford
Port Macquarie,44989,08/04/2023,17,2023,Coastal,Stratford
Batemans Bay,45355,06/04/2024,17,2024,Coastal,Stratford
Homebush,41490,13/04/2013,17,2013,Sydney,Stratford
Northern Beaches,20/04/2020,25/04/2020,17,2020,Sydney,Stratford
Cumberland,45720,05/04/2025,17,2025,Sydney,Stratford
Northern Beaches,45873,12/04/2025,17,2025,Sydney,Stratford
Northern Beaches,43926,09/05/2020,20,2020,Sydney,Stratford
Northern Beaches,44597,07/05/2022,21,2022,Sydney,Stratford
Parramatta,44625,07/05/2022,21,2022,Sydney,Stratford
Parramatta,44778,07/05/2022,21,2022,Sydney,Stratford
Sydney Olympic Park,44625,07/05/2022,21,2022,Sydney,Stratford
Deniliquin,14/01/2025,18/01/2025,4,2025,Inland,Trubanaman
Griffith,33971,06/02/1993,8,1993,Inland,Trubanaman
Griffith,33880,14/03/1992,11,1992,Inland,Trubanaman
Northern Beaches,25/03/2025,29/03/2025,12,2025,Sydney,Trubanaman
Northern Beaches,45873,12/04/2025,17,2025,Sydney,Trubanaman
Wentworth,21/11/1989,25/11/1989,46,1989,Inland,Trubanaman